timestamp, orientation_x, orientation_y, joystick_action, joystick_state, ball_x, ball_y, ball_z
"Sat Sep 16 10:33:30 2023
", 6.10, 6.22, none, none, 0, 10, 0
"Sat Sep 16 10:33:30 2023
", 7.47, 5.67, none, none, 0, 9.97222, 0
"Sat Sep 16 10:33:30 2023
", 7.59, 5.01, none, none, 0, 9.91667, 0
"Sat Sep 16 10:33:30 2023
", 6.98, 3.98, none, none, 0, 9.83333, 0
"Sat Sep 16 10:33:30 2023
", 6.57, 3.30, none, none, 0, 9.72222, 0
"Sat Sep 16 10:33:30 2023
", 6.97, 2.96, none, none, 0, 9.58333, 0
"Sat Sep 16 10:33:30 2023
", 8.22, 2.75, none, none, 0, 9.41667, 0
"Sat Sep 16 10:33:30 2023
", 9.52, 3.58, none, none, 0, 9.22222, 0
"Sat Sep 16 10:33:30 2023
", 10.00, 4.41, none, none, 0, 9, 0
"Sat Sep 16 10:33:30 2023
", 10.12, 5.08, none, none, 0, 8.75, 0
"Sat Sep 16 10:33:30 2023
", 10.14, 5.60, none, none, 0, 8.47222, 0
"Sat Sep 16 10:33:30 2023
", 10.57, 5.83, none, none, 0, 8.16667, 0
"Sat Sep 16 10:33:30 2023
", 11.02, 5.69, none, none, 0, 7.83333, 0
"Sat Sep 16 10:33:30 2023
", 10.66, 5.32, none, none, 0, 7.47222, 0
"Sat Sep 16 10:33:30 2023
", 9.41, 4.91, none, none, 0, 7.08333, 0
"Sat Sep 16 10:33:30 2023
", 7.34, 4.67, none, none, 0, 6.66667, 0
"Sat Sep 16 10:33:31 2023
", 5.49, 3.73, none, none, 0, 6.22222, 0
"Sat Sep 16 10:33:31 2023
", 5.29, 1.44, none, none, 0, 5.75, 0
"Sat Sep 16 10:33:31 2023
", 5.44, -0.22, none, none, 0, 5.25, 0
"Sat Sep 16 10:33:31 2023
", 5.59, -0.67, none, none, 0, 4.72222, 0
"Sat Sep 16 10:33:31 2023
", 5.70, -0.85, none, none, 0, 4.16667, 0
"Sat Sep 16 10:33:31 2023
", 5.80, -1.03, none, none, 0, 3.58333, 0
"Sat Sep 16 10:33:31 2023
", 6.10, -1.13, none, none, 0, 2.97222, 0
"Sat Sep 16 10:33:31 2023
", 7.13, -0.43, none, none, 0, 2.33333, 0
"Sat Sep 16 10:33:31 2023
", 7.08, -0.32, none, none, 0, 1.66667, 0
"Sat Sep 16 10:33:31 2023
", 6.94, -0.50, none, none, -0.00094724, 1.07842, 0.0129389
"Sat Sep 16 10:33:31 2023
", 6.98, 0.28, none, none, -0.00577215, 1.15582, 0.0852414
"Sat Sep 16 10:33:31 2023
", 7.16, 1.36, none, none, -0.00849618, 1.21599, 0.158103
"Sat Sep 16 10:33:31 2023
", 7.20, 1.72, none, none, -0.0109953, 1.26216, 0.231713
"Sat Sep 16 10:33:31 2023
", 7.52, 1.75, none, none, -0.0129777, 1.29692, 0.306533
"Sat Sep 16 10:33:31 2023
", 7.55, 1.89, none, none, -0.0145581, 1.32225, 0.382825
"Sat Sep 16 10:33:31 2023
", 7.46, 2.19, none, none, -0.0155376, 1.3404, 0.460741
"Sat Sep 16 10:33:31 2023
", 7.70, 2.70, none, none, -0.0156908, 1.35255, 0.540503
"Sat Sep 16 10:33:31 2023
", 7.71, 2.92, none, none, -0.0152377, 1.35961, 0.622324
"Sat Sep 16 10:33:31 2023
", 7.55, 2.77, none, none, -0.0139669, 1.36294, 0.70627
"Sat Sep 16 10:33:31 2023
", 7.29, 2.38, none, none, -0.0120011, 1.36367, 0.792476
"Sat Sep 16 10:33:31 2023
", 7.42, 1.83, none, none, -0.00933519, 1.36161, 0.88086
"Sat Sep 16 10:33:31 2023
", 8.01, 1.52, none, none, -0.00630879, 1.34983, 0.970554
"Sat Sep 16 10:33:31 2023
", 8.31, 1.56, none, none, -0.002754, 1.34244, 1.06371
"Sat Sep 16 10:33:31 2023
", 8.12, 1.46, none, none, 0.00139218, 1.33211, 1.1593
"Sat Sep 16 10:33:31 2023
", 8.06, 0.65, none, none, 0.00597094, 1.32158, 1.2577
"Sat Sep 16 10:33:31 2023
", 7.99, 0.22, none, none, 0.0107734, 1.31027, 1.3588
"Sat Sep 16 10:33:31 2023
", 7.87, -0.01, none, none, 0.0156068, 1.29842, 1.4626
"Sat Sep 16 10:33:31 2023
", 8.08, -0.15, none, none, 0.0204075, 1.28643, 1.56911
"Sat Sep 16 10:33:31 2023
", 7.90, -0.41, none, none, 0.025185, 1.27215, 1.67812
"Sat Sep 16 10:33:31 2023
", 7.76, -0.63, none, none, 0.0298136, 1.25858, 1.78998
"Sat Sep 16 10:33:31 2023
", 7.97, -0.58, none, none, 0.034217, 1.24537, 1.90459
"Sat Sep 16 10:33:31 2023
", 7.86, -0.68, none, none, 0.0384424, 1.22963, 2.02162
"Sat Sep 16 10:33:31 2023
", 7.41, -0.82, none, none, 0.0424252, 1.21435, 2.14146
"Sat Sep 16 10:33:31 2023
", 6.68, -0.88, none, none, 0.045943, 1.2111, 2.26533
"Sat Sep 16 10:33:31 2023
", 5.64, -0.96, none, none, 0.0490826, 1.21153, 2.39166
"Sat Sep 16 10:33:31 2023
", 4.74, -1.05, none, none, 0.0517575, 1.21859, 2.5203
"Sat Sep 16 10:33:31 2023
", 3.99, -1.06, none, none, 0.0539895, 1.23028, 2.65069
"Sat Sep 16 10:33:31 2023
", 3.26, -1.21, none, none, 0.0557225, 1.246, 2.78242
"Sat Sep 16 10:33:31 2023
", 2.25, -1.44, none, none, 0.0567824, 1.26849, 2.91514
"Sat Sep 16 10:33:31 2023
", 0.98, -1.87, none, none, 0.056832, 1.30076, 3.0482
"Sat Sep 16 10:33:31 2023
", -0.47, -2.11, none, none, 0.0556892, 1.3446, 3.18063
"Sat Sep 16 10:33:31 2023
", -0.67, -2.05, none, none, 0.0540219, 1.38484, 3.3128
"Sat Sep 16 10:33:31 2023
", -0.52, -2.43, none, none, 0.0517767, 1.41601, 3.44492
"Sat Sep 16 10:33:31 2023
", 0.38, -2.18, none, none, 0.0494882, 1.42955, 3.5772
"Sat Sep 16 10:33:31 2023
", 0.61, -1.97, none, none, 0.0469753, 1.42858, 3.70953
"Sat Sep 16 10:33:31 2023
", 1.00, -2.08, none, none, 0.0435567, 1.43395, 3.84215
"Sat Sep 16 10:33:31 2023
", 2.30, -1.76, none, none, 0.0396764, 1.43185, 3.97499
"Sat Sep 16 10:33:31 2023
", 2.91, -1.26, none, none, 0.0357961, 1.40197, 4.10784
"Sat Sep 16 10:33:31 2023
", 2.62, -1.00, none, none, 0.0319157, 1.34431, 4.24068
"Sat Sep 16 10:33:31 2023
", 1.91, -0.70, none, none, 0.0277996, 1.27816, 4.37417
"Sat Sep 16 10:33:31 2023
", 0.89, 0.02, none, none, 0.0229864, 1.30489, 4.51009
"Sat Sep 16 10:33:31 2023
", -0.18, 1.05, none, none, 0.0189438, 1.34511, 4.64574
"Sat Sep 16 10:33:31 2023
", -1.36, 2.29, none, none, 0.0166685, 1.39929, 4.78018
"Sat Sep 16 10:33:31 2023
", -2.78, 3.31, none, none, 0.0170302, 1.47017, 4.91207
"Sat Sep 16 10:33:31 2023
", -4.47, 2.83, none, none, 0.0189274, 1.56076, 5.03952
"Sat Sep 16 10:33:31 2023
", -6.76, 2.32, none, none, 0.0222167, 1.68002, 5.15882
"Sat Sep 16 10:33:31 2023
", -9.16, 1.83, none, none, 0.0262778, 1.82715, 5.26688
"Sat Sep 16 10:33:31 2023
", -11.70, 1.25, none, none, 0.0302418, 2.00087, 5.36046
"Sat Sep 16 10:33:31 2023
", -13.49, 0.81, none, none, 0.0335776, 2.18294, 5.4431
"Sat Sep 16 10:33:31 2023
", -14.21, 0.74, none, none, 0.0368274, 2.35036, 5.52294
"Sat Sep 16 10:33:32 2023
", -14.96, 0.71, none, none, 0.0401532, 2.50492, 5.59895
"Sat Sep 16 10:33:32 2023
", -15.66, 0.64, none, none, 0.0435431, 2.6485, 5.6714
"Sat Sep 16 10:33:32 2023
", -16.23, 0.47, none, none, 0.0467989, 2.78048, 5.74011
"Sat Sep 16 10:33:32 2023
", -16.24, 0.47, none, none, 0.0500549, 2.89126, 5.80921
"Sat Sep 16 10:33:32 2023
", -15.83, 0.47, none, none, 0.0533699, 2.975, 5.88079
"Sat Sep 16 10:33:32 2023
", -16.26, 0.47, none, none, 0.0568035, 3.05442, 5.94775
"Sat Sep 16 10:33:32 2023
", -17.12, 0.34, none, none, 0.060386, 3.14074, 6.00617
"Sat Sep 16 10:33:32 2023
", -18.27, 0.27, none, none, 0.0639957, 3.23911, 6.05273
"Sat Sep 16 10:33:32 2023
", -19.92, -0.02, none, none, 0.0672063, 3.35825, 6.08275
"Sat Sep 16 10:33:32 2023
", -22.34, -0.45, none, none, 0.0693215, 3.51056, 6.0872
"Sat Sep 16 10:33:32 2023
", -23.50, -0.50, none, none, 0.0711342, 3.6614, 6.08101
"Sat Sep 16 10:33:32 2023
", -24.26, -0.54, none, none, 0.0728815, 3.80093, 6.07073
"Sat Sep 16 10:33:32 2023
", -25.04, -0.51, none, none, 0.0746502, 3.93024, 6.05291
"Sat Sep 16 10:33:32 2023
", -24.50, -0.45, none, none, 0.0767103, 4.02166, 6.04372
"Sat Sep 16 10:33:32 2023
", -23.83, -0.50, none, none, 0.0790849, 4.0792, 6.0429
"Sat Sep 16 10:33:32 2023
", -23.06, -0.43, none, none, 0.081656, 4.10608, 6.04719
"Sat Sep 16 10:33:32 2023
", -22.14, -0.40, none, none, 0.0842686, 4.10872, 6.05335
"Sat Sep 16 10:33:32 2023
", -21.56, -0.34, none, none, 0.0868813, 4.08359, 6.05951
"Sat Sep 16 10:33:32 2023
", -21.06, -0.36, none, none, 0.0894939, 4.03068, 6.06567
"Sat Sep 16 10:33:32 2023
", -20.41, -0.32, none, none, 0.0921065, 3.94999, 6.07183
"Sat Sep 16 10:33:32 2023
", -19.69, -0.31, none, none, 0.0947192, 3.84152, 6.078
"Sat Sep 16 10:33:32 2023
", -18.77, -0.29, none, none, 0.0973318, 3.70528, 6.08416
"Sat Sep 16 10:33:32 2023
", -17.64, -0.14, none, none, 0.0999444, 3.54126, 6.09032
"Sat Sep 16 10:33:32 2023
", -16.26, -0.06, none, none, 0.102557, 3.34946, 6.09648
"Sat Sep 16 10:33:32 2023
", -14.81, 0.02, none, none, 0.105066, 3.33084, 6.06256
"Sat Sep 16 10:33:32 2023
", -14.15, 0.23, none, none, 0.107575, 3.28444, 6.02864
"Sat Sep 16 10:33:32 2023
", -14.12, 0.23, none, none, 0.110083, 3.21026, 5.99472
"Sat Sep 16 10:33:32 2023
", -14.09, 0.18, none, none, 0.112592, 3.10831, 5.9608
"Sat Sep 16 10:33:32 2023
", -14.60, 0.08, none, none, 0.115132, 3.00015, 5.92126
"Sat Sep 16 10:33:32 2023
", -15.56, -0.03, none, none, 0.117771, 3.02236, 5.8501
"Sat Sep 16 10:33:32 2023
", -15.49, -0.06, none, none, 0.12039, 3.03305, 5.77665
"Sat Sep 16 10:33:32 2023
", -14.99, -0.13, none, none, 0.122941, 3.0261, 5.70273
"Sat Sep 16 10:33:32 2023
", -14.24, -0.12, none, none, 0.125495, 3.00585, 5.62707
"Sat Sep 16 10:33:32 2023
", -15.31, -0.10, none, none, 0.128009, 2.97965, 5.54543
"Sat Sep 16 10:33:32 2023
", -17.05, -0.15, none, none, 0.13038, 3.00877, 5.44366
"Sat Sep 16 10:33:32 2023
", -18.70, -0.26, none, none, 0.132482, 3.05554, 5.328
"Sat Sep 16 10:33:32 2023
", -18.05, -0.26, none, none, 0.134631, 3.07023, 5.21702
"Sat Sep 16 10:33:32 2023
", -16.23, -0.24, none, none, 0.136863, 3.03707, 5.11523
"Sat Sep 16 10:33:32 2023
", -14.73, -0.23, none, none, 0.139059, 3.00835, 5.00637
"Sat Sep 16 10:33:32 2023
", -13.34, -0.42, none, none, 0.141254, 2.95186, 4.8975
"Sat Sep 16 10:33:32 2023
", -10.91, -0.63, none, none, 0.14345, 2.86759, 4.78863
"Sat Sep 16 10:33:32 2023
", -8.03, -0.68, none, none, 0.145646, 2.75553, 4.67977
"Sat Sep 16 10:33:32 2023
", -5.98, -0.63, none, none, 0.147842, 2.61571, 4.5709
"Sat Sep 16 10:33:32 2023
", -5.04, -0.68, none, none, 0.150038, 2.4481, 4.46203
"Sat Sep 16 10:33:32 2023
", -4.26, -0.66, none, none, 0.152234, 2.25272, 4.35317
"Sat Sep 16 10:33:33 2023
", -3.09, -0.45, none, none, 0.15443, 2.02955, 4.2443
"Sat Sep 16 10:33:33 2023
", -1.78, -0.27, none, none, 0.156626, 1.77861, 4.13543
"Sat Sep 16 10:33:33 2023
", -1.08, -0.06, none, none, 0.158805, 1.51518, 4.02628
"Sat Sep 16 10:33:33 2023
", -1.28, -0.04, none, none, 0.160825, 1.528, 3.91193
"Sat Sep 16 10:33:33 2023
", -1.33, -0.10, none, none, 0.162788, 1.53812, 3.7972
"Sat Sep 16 10:33:33 2023
", -0.86, -0.11, none, none, 0.164674, 1.53546, 3.68233
"Sat Sep 16 10:33:33 2023
", -0.34, -0.21, none, none, 0.166336, 1.5378, 3.5674
"Sat Sep 16 10:33:33 2023
", 0.11, -0.18, none, none, 0.168269, 1.52114, 3.45215
"Sat Sep 16 10:33:33 2023
", -0.03, -0.19, none, none, 0.170202, 1.4767, 3.3369
"Sat Sep 16 10:33:33 2023
", -0.21, -0.19, none, none, 0.171931, 1.48177, 3.22159
"Sat Sep 16 10:33:33 2023
", -0.48, -0.07, none, none, 0.173591, 1.48748, 3.10621
"Sat Sep 16 10:33:33 2023
", -0.43, -0.02, none, none, 0.175202, 1.49428, 2.99064
"Sat Sep 16 10:33:33 2023
", -0.20, -0.03, none, none, 0.176835, 1.49906, 2.87494
"Sat Sep 16 10:33:33 2023
", 0.24, 0.15, none, none, 0.17846, 1.50087, 2.75919
"Sat Sep 16 10:33:33 2023
", 0.99, 0.28, none, none, 0.180102, 1.48847, 2.64346
"Sat Sep 16 10:33:33 2023
", 1.81, 0.38, none, none, 0.181743, 1.4483, 2.52774
"Sat Sep 16 10:33:33 2023
", 3.34, 0.61, none, none, 0.183385, 1.38034, 2.41201
"Sat Sep 16 10:33:33 2023
", 5.01, 0.97, none, none, 0.185027, 1.28461, 2.29628
"Sat Sep 16 10:33:33 2023
", 6.46, 1.10, none, none, 0.188353, 1.29731, 2.1893
"Sat Sep 16 10:33:33 2023
", 7.39, 1.14, none, none, 0.19168, 1.28224, 2.08231
"Sat Sep 16 10:33:33 2023
", 8.05, 1.03, none, none, 0.195006, 1.23939, 1.97532
"Sat Sep 16 10:33:33 2023
", 8.55, 0.87, none, none, 0.19928, 1.24624, 1.87593
"Sat Sep 16 10:33:33 2023
", 8.99, 0.75, none, none, 0.203759, 1.24652, 1.77852
"Sat Sep 16 10:33:33 2023
", 9.35, 0.63, none, none, 0.208541, 1.2495, 1.68464
"Sat Sep 16 10:33:33 2023
", 9.15, 0.50, none, none, 0.213582, 1.25537, 1.59448
"Sat Sep 16 10:33:33 2023
", 8.30, 0.36, none, none, 0.218894, 1.27017, 1.50892
"Sat Sep 16 10:33:33 2023
", 7.54, 0.10, none, none, 0.224352, 1.287, 1.42653
"Sat Sep 16 10:33:33 2023
", 6.92, -0.01, none, none, 0.229825, 1.31332, 1.3479
"Sat Sep 16 10:33:33 2023
", 5.49, -0.12, none, none, 0.235269, 1.33522, 1.27079
"Sat Sep 16 10:33:33 2023
", 4.27, -0.20, none, none, 0.240655, 1.35717, 1.19527
"Sat Sep 16 10:33:33 2023
", 3.32, -0.23, none, none, 0.245968, 1.3779, 1.12092
"Sat Sep 16 10:33:33 2023
", 2.88, -0.33, none, none, 0.251165, 1.39589, 1.04742
"Sat Sep 16 10:33:33 2023
", 3.07, -0.44, none, none, 0.256272, 1.41004, 0.974753
"Sat Sep 16 10:33:33 2023
", 3.16, -0.60, none, none, 0.2612, 1.42218, 0.903053
"Sat Sep 16 10:33:33 2023
", 3.14, -0.64, none, none, 0.266025, 1.42616, 0.832001
"Sat Sep 16 10:33:33 2023
", 3.10, -0.78, none, none, 0.270556, 1.43673, 0.7624
"Sat Sep 16 10:33:33 2023
", 3.22, -0.91, none, none, 0.274792, 1.44611, 0.693792
"Sat Sep 16 10:33:33 2023
", 3.39, -1.16, none, none, 0.278786, 1.45433, 0.626251
"Sat Sep 16 10:33:34 2023
", 3.67, -1.60, none, none, 0.282309, 1.46177, 0.559815
"Sat Sep 16 10:33:34 2023
", 3.94, -2.21, none, none, 0.285343, 1.46881, 0.494651
"Sat Sep 16 10:33:34 2023
", 4.13, -2.97, none, none, 0.2875, 1.47586, 0.430799
"Sat Sep 16 10:33:34 2023
", 4.23, -3.87, none, none, 0.288705, 1.48321, 0.368469
"Sat Sep 16 10:33:34 2023
", 4.35, -4.50, none, none, 0.288483, 1.49102, 0.307621
"Sat Sep 16 10:33:34 2023
", 4.45, -5.09, none, none, 0.286712, 1.49886, 0.248318
"Sat Sep 16 10:33:34 2023
", 4.60, -5.29, none, none, 0.283152, 1.50662, 0.190545
"Sat Sep 16 10:33:34 2023
", 4.60, -4.73, none, none, 0.277837, 1.51378, 0.134362
"Sat Sep 16 10:33:34 2023
", 4.67, -2.95, none, none, 0.271034, 1.51931, 0.0796454
"Sat Sep 16 10:33:34 2023
", 4.59, -0.45, none, none, 0.263545, 1.5185, 0.0259838
"Sat Sep 16 10:33:34 2023
", 4.64, 1.72, none, none, 0.255906, 1.50904, -0.0268149
"Sat Sep 16 10:33:34 2023
", 4.62, 2.73, none, none, 0.248861, 1.50441, -0.0776246
"Sat Sep 16 10:33:34 2023
", 4.25, 2.19, none, none, 0.242979, 1.50519, -0.126391
"Sat Sep 16 10:33:34 2023
", 3.62, 1.26, none, none, 0.237944, 1.5089, -0.173444
"Sat Sep 16 10:33:34 2023
", 3.02, -0.38, none, none, 0.233367, 1.51194, -0.219305
"Sat Sep 16 10:33:34 2023
", 2.65, -1.83, none, none, 0.228653, 1.51494, -0.264116
"Sat Sep 16 10:33:34 2023
", 2.73, -0.97, none, none, 0.223286, 1.51819, -0.307985
"Sat Sep 16 10:33:34 2023
", 2.91, 0.36, none, none, 0.217538, 1.52058, -0.35098
"Sat Sep 16 10:33:34 2023
", 2.83, 1.17, none, none, 0.211969, 1.52061, -0.393071
"Sat Sep 16 10:33:34 2023
", 2.71, 1.08, none, none, 0.206872, 1.51938, -0.43429
"Sat Sep 16 10:33:34 2023
", 2.40, 0.27, none, none, 0.202091, 1.52059, -0.474406
"Sat Sep 16 10:33:34 2023
", 2.22, -0.42, none, none, 0.197216, 1.52193, -0.513667
"Sat Sep 16 10:33:34 2023
", 2.41, 0.04, none, none, 0.192319, 1.52351, -0.55222
"Sat Sep 16 10:33:34 2023
", 2.50, 0.34, none, none, 0.187442, 1.52528, -0.589892
"Sat Sep 16 10:33:34 2023
", 2.60, 0.24, none, none, 0.182747, 1.52708, -0.626683
"Sat Sep 16 10:33:34 2023
", 2.64, 0.23, none, none, 0.178633, 1.52916, -0.662616
"Sat Sep 16 10:33:34 2023
", 2.76, 0.31, none, none, 0.174109, 1.53125, -0.697587
"Sat Sep 16 10:33:34 2023
", 2.83, 0.47, none, none, 0.169687, 1.53355, -0.731593
"Sat Sep 16 10:33:34 2023
", 3.32, 0.62, none, none, 0.165425, 1.53584, -0.764686
"Sat Sep 16 10:33:34 2023
", 4.14, 0.72, none, none, 0.161221, 1.5396, -0.796521
"Sat Sep 16 10:33:34 2023
", 5.16, 0.91, none, none, 0.157474, 1.54585, -0.826764
"Sat Sep 16 10:33:34 2023
", 6.19, 1.08, none, none, 0.154262, 1.56364, -0.853998
"Sat Sep 16 10:33:34 2023
", 6.74, 1.04, none, none, 0.151323, 1.57555, -0.879659
"Sat Sep 16 10:33:34 2023
", 6.89, 1.07, none, none, 0.148482, 1.57854, -0.904486
"Sat Sep 16 10:33:34 2023
", 7.02, 1.18, none, none, 0.14608, 1.58911, -0.926805
"Sat Sep 16 10:33:34 2023
", 7.17, 1.29, none, none, 0.14401, 1.59841, -0.947341
"Sat Sep 16 10:33:34 2023
", 6.87, 1.26, none, none, 0.142293, 1.60674, -0.966033
"Sat Sep 16 10:33:35 2023
", 6.20, 1.29, none, none, 0.140984, 1.61232, -0.98268
"Sat Sep 16 10:33:35 2023
", 5.42, 1.25, none, none, 0.140036, 1.61405, -0.997602
"Sat Sep 16 10:33:35 2023
", 5.04, 1.35, none, none, 0.139176, 1.60008, -1.01213
"Sat Sep 16 10:33:35 2023
", 4.87, 1.81, none, none, 0.138947, 1.59328, -1.02425
"Sat Sep 16 10:33:35 2023
", 4.69, 2.71, none, none, 0.139436, 1.5899, -1.03438
"Sat Sep 16 10:33:35 2023
", 4.55, 3.46, none, none, 0.140528, 1.58563, -1.04318
"Sat Sep 16 10:33:35 2023
", 4.46, 4.16, none, none, 0.142885, 1.58207, -1.05038
"Sat Sep 16 10:33:35 2023
", 4.44, 4.85, none, none, 0.146805, 1.58018, -1.05591
"Sat Sep 16 10:33:35 2023
", 4.47, 5.29, none, none, 0.152487, 1.57924, -1.05982
"Sat Sep 16 10:33:35 2023
", 4.59, 5.62, none, none, 0.160059, 1.57881, -1.06214
"Sat Sep 16 10:33:35 2023
", 4.79, 5.98, none, none, 0.169599, 1.57848, -1.06286
"Sat Sep 16 10:33:35 2023
", 4.99, 6.19, none, none, 0.181255, 1.57842, -1.0619
"Sat Sep 16 10:33:35 2023
", 5.05, 6.26, none, none, 0.195086, 1.5785, -1.05919
"Sat Sep 16 10:33:35 2023
", 5.19, 6.43, none, none, 0.211046, 1.57805, -1.05477
"Sat Sep 16 10:33:35 2023
", 5.36, 6.53, none, none, 0.229223, 1.57735, -1.04857
"Sat Sep 16 10:33:35 2023
", 5.52, 6.56, none, none, 0.249662, 1.57646, -1.04052
"Sat Sep 16 10:33:35 2023
", 5.50, 6.55, none, none, 0.272716, 1.57525, -1.03031
"Sat Sep 16 10:33:35 2023
", 5.48, 6.55, none, none, 0.298279, 1.57299, -1.01814
"Sat Sep 16 10:33:35 2023
", 5.51, 6.58, none, none, 0.326321, 1.56982, -1.00407
"Sat Sep 16 10:33:35 2023
", 5.54, 6.52, none, none, 0.356667, 1.56601, -0.988217
"Sat Sep 16 10:33:35 2023
", 5.55, 6.38, none, none, 0.389242, 1.5617, -0.970499
"Sat Sep 16 10:33:35 2023
", 5.48, 6.28, none, none, 0.423999, 1.55696, -0.950897
"Sat Sep 16 10:33:35 2023
", 5.47, 6.27, none, none, 0.460861, 1.5515, -0.929454
"Sat Sep 16 10:33:35 2023
", 5.48, 6.21, none, none, 0.499856, 1.54548, -0.906173
"Sat Sep 16 10:33:35 2023
", 5.54, 6.11, none, none, 0.540972, 1.53909, -0.88102
"Sat Sep 16 10:33:35 2023
", 5.54, 6.03, none, none, 0.584211, 1.53258, -0.853959
"Sat Sep 16 10:33:35 2023
", 5.62, 5.88, none, none, 0.629503, 1.5257, -0.825001
"Sat Sep 16 10:33:35 2023
", 5.55, 5.72, none, none, 0.676859, 1.51887, -0.794095
"Sat Sep 16 10:33:35 2023
", 5.49, 5.36, none, none, 0.726177, 1.51168, -0.761299
"Sat Sep 16 10:33:35 2023
", 5.34, 4.80, none, none, 0.777369, 1.50483, -0.726545
"Sat Sep 16 10:33:35 2023
", 5.15, 3.87, none, none, 0.830312, 1.49881, -0.689877
"Sat Sep 16 10:33:35 2023
", 4.57, 2.43, none, none, 0.884726, 1.49493, -0.651228
"Sat Sep 16 10:33:35 2023
", 3.58, 0.47, none, none, 0.940154, 1.49445, -0.610769
"Sat Sep 16 10:33:35 2023
", 2.53, -0.91, none, none, 0.995626, 1.50784, -0.568402
"Sat Sep 16 10:33:35 2023
", 1.29, -1.97, none, none, 1.05069, 1.51531, -0.525658
"Sat Sep 16 10:33:35 2023
", 0.17, -2.82, none, none, 1.1049, 1.5245, -0.482597
"Sat Sep 16 10:33:35 2023
", -0.51, -3.88, none, none, 1.1578, 1.53719, -0.439591
"Sat Sep 16 10:33:36 2023
", -0.69, -4.64, none, none, 1.20902, 1.55251, -0.396828
"Sat Sep 16 10:33:36 2023
", -1.29, -4.90, none, none, 1.25869, 1.5668, -0.354468
"Sat Sep 16 10:33:36 2023
", -2.11, -4.81, none, none, 1.30746, 1.57193, -0.31231
"Sat Sep 16 10:33:36 2023
", -2.86, -4.73, none, none, 1.354, 1.58396, -0.271157
"Sat Sep 16 10:33:36 2023
", -3.64, -4.61, none, none, 1.39911, 1.59404, -0.230951
"Sat Sep 16 10:33:36 2023
", -3.95, -4.53, none, none, 1.44269, 1.6025, -0.191835
"Sat Sep 16 10:33:36 2023
", -4.40, -4.32, none, none, 1.48481, 1.60987, -0.154034
"Sat Sep 16 10:33:36 2023
", -4.55, -4.01, none, none, 1.52561, 1.61526, -0.117638
"Sat Sep 16 10:33:36 2023
", -4.41, -3.65, none, none, 1.56559, 1.612, -0.0820955
"Sat Sep 16 10:33:36 2023
", -3.86, -3.05, none, none, 1.60441, 1.60647, -0.0478994
"Sat Sep 16 10:33:36 2023
", -3.32, -2.37, none, none, 1.64323, 1.57316, -0.0137033
"Sat Sep 16 10:33:36 2023
", -2.81, -1.79, none, none, 1.68006, 1.57449, 0.0177308
"Sat Sep 16 10:33:36 2023
", -2.51, -1.31, none, none, 1.7169, 1.54804, 0.049165
"Sat Sep 16 10:33:36 2023
", -2.41, -0.91, none, none, 1.75291, 1.54542, 0.079022
"Sat Sep 16 10:33:36 2023
", -2.01, -0.41, none, none, 1.78878, 1.53452, 0.108372
"Sat Sep 16 10:33:36 2023
", -1.91, -0.03, none, none, 1.82446, 1.51884, 0.137183
"Sat Sep 16 10:33:36 2023
", -2.09, 0.06, none, none, 1.86027, 1.50732, 0.165203
"Sat Sep 16 10:33:36 2023
", -2.60, 0.06, none, none, 1.89608, 1.50603, 0.19221
"Sat Sep 16 10:33:36 2023
", -2.94, 0.07, none, none, 1.9319, 1.50762, 0.21817
"Sat Sep 16 10:33:36 2023
", -3.06, -0.01, none, none, 1.96764, 1.50949, 0.243034
"Sat Sep 16 10:33:36 2023
", -3.47, -0.07, none, none, 2.00337, 1.51197, 0.266794
"Sat Sep 16 10:33:36 2023
", -3.94, -0.02, none, none, 2.03905, 1.51526, 0.289299
"Sat Sep 16 10:33:36 2023
", -4.48, 0.05, none, none, 2.07471, 1.51851, 0.310434
"Sat Sep 16 10:33:36 2023
", -4.90, 0.10, none, none, 2.11039, 1.52173, 0.330014
"Sat Sep 16 10:33:36 2023
", -5.77, 0.15, none, none, 2.1461, 1.52488, 0.347894
"Sat Sep 16 10:33:36 2023
", -6.55, 0.11, none, none, 2.18185, 1.52883, 0.36368
"Sat Sep 16 10:33:36 2023
", -7.24, 0.08, none, none, 2.21762, 1.53401, 0.377039
"Sat Sep 16 10:33:36 2023
", -7.90, -0.16, none, none, 2.25341, 1.53989, 0.387778
"Sat Sep 16 10:33:36 2023
", -8.40, -0.30, none, none, 2.28912, 1.54798, 0.395445
"Sat Sep 16 10:33:36 2023
", -8.74, -0.41, none, none, 2.3247, 1.55662, 0.400089
"Sat Sep 16 10:33:36 2023
", -8.98, -0.54, none, none, 2.36013, 1.565, 0.401713
"Sat Sep 16 10:33:36 2023
", -8.96, -0.56, none, none, 2.39536, 1.57304, 0.400249
"Sat Sep 16 10:33:36 2023
", -8.86, -0.58, none, none, 2.43041, 1.57919, 0.395956
"Sat Sep 16 10:33:36 2023
", -8.81, -0.63, none, none, 2.46529, 1.58356, 0.388849
"Sat Sep 16 10:33:36 2023
", -8.81, -0.62, none, none, 2.49994, 1.58682, 0.378843
"Sat Sep 16 10:33:36 2023
", -8.72, -0.57, none, none, 2.53439, 1.58866, 0.365983
"Sat Sep 16 10:33:36 2023
", -8.67, -0.58, none, none, 2.56868, 1.58873, 0.35035
"Sat Sep 16 10:33:37 2023
", -8.71, -0.56, none, none, 2.60276, 1.58794, 0.331825
"Sat Sep 16 10:33:37 2023
", -8.73, -0.56, none, none, 2.63669, 1.58623, 0.310395
"Sat Sep 16 10:33:37 2023
", -8.66, -0.58, none, none, 2.67041, 1.58385, 0.286023
"Sat Sep 16 10:33:37 2023
", -8.45, -0.58, none, none, 2.70397, 1.58092, 0.25871
"Sat Sep 16 10:33:37 2023
", -8.21, -0.58, none, none, 2.73725, 1.57713, 0.228583
"Sat Sep 16 10:33:37 2023
", -8.07, -0.58, none, none, 2.77042, 1.57219, 0.195755
"Sat Sep 16 10:33:37 2023
", -8.02, -0.55, none, none, 2.80339, 1.56646, 0.160226
"Sat Sep 16 10:33:37 2023
", -7.90, -0.55, none, none, 2.83608, 1.55958, 0.12207
"Sat Sep 16 10:33:37 2023
", -7.47, -0.58, none, none, 2.86868, 1.55349, 0.0810412
"Sat Sep 16 10:33:37 2023
", -7.21, -0.62, none, none, 2.90107, 1.54744, 0.0374069
"Sat Sep 16 10:33:37 2023
", -7.10, -0.61, none, none, 2.93315, 1.54214, -0.00882369
"Sat Sep 16 10:33:37 2023
", -6.78, -0.57, none, none, 2.96512, 1.53633, -0.0574723
"Sat Sep 16 10:33:37 2023
", -6.14, -0.65, none, none, 2.99691, 1.52781, -0.108154
"Sat Sep 16 10:33:37 2023
", -4.93, -0.92, none, none, 3.02833, 1.52314, -0.161378
"Sat Sep 16 10:33:37 2023
", -3.67, -1.27, none, none, 3.05949, 1.52238, -0.216658
"Sat Sep 16 10:33:37 2023
", -2.95, -1.45, none, none, 3.08992, 1.53447, -0.273912
"Sat Sep 16 10:33:37 2023
", -2.53, -1.66, none, none, 3.11997, 1.54138, -0.33184
"Sat Sep 16 10:33:37 2023
", -2.31, -1.74, none, none, 3.14943, 1.5481, -0.390593
"Sat Sep 16 10:33:37 2023
", -2.19, -1.79, none, none, 3.17897, 1.54657, -0.450712
"Sat Sep 16 10:33:37 2023
", -2.26, -1.84, none, none, 3.2077, 1.55262, -0.511923
"Sat Sep 16 10:33:37 2023
", -2.38, -1.88, none, none, 3.2359, 1.55753, -0.573905
"Sat Sep 16 10:33:37 2023
", -2.29, -1.91, none, none, 3.26343, 1.56123, -0.636624
"Sat Sep 16 10:33:37 2023
", -2.26, -1.95, none, none, 3.29036, 1.56444, -0.700158
"Sat Sep 16 10:33:37 2023
", -2.30, -1.94, none, none, 3.31656, 1.56721, -0.764405
"Sat Sep 16 10:33:37 2023
", -2.22, -1.98, none, none, 3.34217, 1.56879, -0.829446
"Sat Sep 16 10:33:37 2023
", -2.23, -2.05, none, none, 3.36704, 1.57044, -0.895214
"Sat Sep 16 10:33:37 2023
", -2.13, -2.30, none, none, 3.39125, 1.5722, -0.961815
"Sat Sep 16 10:33:37 2023
", -1.99, -2.57, none, none, 3.41424, 1.58537, -1.02959
"Sat Sep 16 10:33:37 2023
", -2.01, -3.00, none, none, 3.43628, 1.59611, -1.09792
"Sat Sep 16 10:33:37 2023
", -1.88, -3.53, none, none, 3.45691, 1.61155, -1.16711
"Sat Sep 16 10:33:37 2023
", -1.76, -4.02, none, none, 3.47596, 1.63049, -1.23709
"Sat Sep 16 10:33:37 2023
", -1.48, -4.40, none, none, 3.49332, 1.65164, -1.30761
"Sat Sep 16 10:33:37 2023
", -1.36, -4.30, none, none, 3.50954, 1.66802, -1.37855
"Sat Sep 16 10:33:37 2023
", -1.25, -4.15, none, none, 3.52461, 1.67967, -1.44972
"Sat Sep 16 10:33:37 2023
", -1.29, -4.11, none, none, 3.53849, 1.68815, -1.52135
"Sat Sep 16 10:33:37 2023
", -1.32, -3.99, none, none, 3.5515, 1.68747, -1.59306
"Sat Sep 16 10:33:37 2023
", -1.30, -3.70, none, none, 3.56285, 1.69212, -1.66569
"Sat Sep 16 10:33:37 2023
", -1.33, -3.36, none, none, 3.57317, 1.69195, -1.73835
"Sat Sep 16 10:33:37 2023
", -1.44, -3.06, none, none, 3.58349, 1.664, -1.81102
"Sat Sep 16 10:33:38 2023
", -1.61, -2.35, none, none, 3.59253, 1.64736, -1.88425
"Sat Sep 16 10:33:38 2023
", -1.71, -1.77, none, none, 3.60157, 1.60294, -1.95748
"Sat Sep 16 10:33:38 2023
", -1.63, -1.42, none, none, 3.61061, 1.53074, -2.03071
"Sat Sep 16 10:33:38 2023
", -1.63, -1.09, none, none, 3.61768, 1.52918, -2.10605
"Sat Sep 16 10:33:38 2023
", -1.70, -0.92, none, none, 3.62475, 1.49985, -2.1814
"Sat Sep 16 10:33:38 2023
", -1.72, -0.96, none, none, 3.63128, 1.49218, -2.25775
"Sat Sep 16 10:33:38 2023
", -1.66, -0.98, none, none, 3.63734, 1.49033, -2.33484
"Sat Sep 16 10:33:38 2023
", -1.66, -1.03, none, none, 3.64333, 1.48919, -2.41276
"Sat Sep 16 10:33:38 2023
", -1.56, -1.06, none, none, 3.64874, 1.48848, -2.49106
"Sat Sep 16 10:33:38 2023
", -1.55, -1.05, none, none, 3.6537, 1.48883, -2.56991
"Sat Sep 16 10:33:38 2023
", -1.49, -1.03, none, none, 3.65835, 1.48865, -2.64931
"Sat Sep 16 10:33:38 2023
", -1.54, -1.06, none, none, 3.66285, 1.48844, -2.72936
"Sat Sep 16 10:33:38 2023
", -1.53, -1.06, none, none, 3.6667, 1.48771, -2.80982
"Sat Sep 16 10:33:38 2023
", -1.51, -1.09, none, none, 3.67025, 1.48679, -2.89077
"Sat Sep 16 10:33:38 2023
", -1.51, -1.10, none, none, 3.67367, 1.48623, -2.97247
"Sat Sep 16 10:33:38 2023
", -1.50, -1.09, none, none, 3.67649, 1.48548, -3.05449
"Sat Sep 16 10:33:38 2023
", -1.49, -1.14, none, none, 3.67908, 1.48442, -3.13712
"Sat Sep 16 10:33:38 2023
", -1.46, -1.16, none, none, 3.68111, 1.48391, -3.22019
"Sat Sep 16 10:33:38 2023
", -1.37, -1.16, none, none, 3.68292, 1.48368, -3.30393
"Sat Sep 16 10:33:38 2023
", -1.25, -1.17, none, none, 3.68403, 1.48422, -3.38803
"Sat Sep 16 10:33:38 2023
", -1.15, -1.18, none, none, 3.6848, 1.48595, -3.47257
"Sat Sep 16 10:33:38 2023
", -0.86, -1.27, none, none, 3.68519, 1.4965, -3.55789
"Sat Sep 16 10:33:38 2023
", -0.43, -1.30, none, none, 3.6849, 1.50752, -3.64317
"Sat Sep 16 10:33:38 2023
", 0.13, -1.31, none, none, 3.68425, 1.52411, -3.72916
"Sat Sep 16 10:33:38 2023
", 0.67, -1.11, none, none, 3.68295, 1.54269, -3.81425
"Sat Sep 16 10:33:38 2023
", 1.23, -1.07, none, none, 3.68058, 1.56553, -3.89962
"Sat Sep 16 10:33:38 2023
", 1.61, -1.06, none, none, 3.67837, 1.59001, -3.98359
"Sat Sep 16 10:33:38 2023
", 1.90, -1.00, none, none, 3.67538, 1.61387, -4.06725
"Sat Sep 16 10:33:38 2023
", 2.21, -0.99, none, none, 3.6725, 1.63825, -4.14982
"Sat Sep 16 10:33:38 2023
", 2.60, -1.02, none, none, 3.669, 1.66493, -4.23147
"Sat Sep 16 10:33:38 2023
", 2.71, -1.05, none, none, 3.6654, 1.68948, -4.31216
"Sat Sep 16 10:33:38 2023
", 3.02, -0.99, none, none, 3.66133, 1.71401, -4.39184
"Sat Sep 16 10:33:38 2023
", 3.31, -0.92, none, none, 3.65688, 1.73848, -4.47046
"Sat Sep 16 10:33:38 2023
", 3.56, -0.89, none, none, 3.65209, 1.76287, -4.54791
"Sat Sep 16 10:33:38 2023
", 3.55, -0.91, none, none, 3.647, 1.78364, -4.62441
"Sat Sep 16 10:33:38 2023
", 3.68, -0.94, none, none, 3.6417, 1.80367, -4.69963
"Sat Sep 16 10:33:38 2023
", 3.75, -0.91, none, none, 3.636, 1.8215, -4.7737
"Sat Sep 16 10:33:39 2023
", 3.73, -0.94, none, none, 3.63022, 1.83675, -4.84651
"Sat Sep 16 10:33:39 2023
", 3.83, -0.97, none, none, 3.62416, 1.85191, -4.91796
"Sat Sep 16 10:33:39 2023
", 3.86, -1.00, none, none, 3.61788, 1.8659, -4.98814
"Sat Sep 16 10:33:39 2023
", 3.96, -0.99, none, none, 3.61133, 1.87963, -5.05701
"Sat Sep 16 10:33:39 2023
", 3.93, -1.01, none, none, 3.60451, 1.88423, -5.12515
"Sat Sep 16 10:33:39 2023
", 3.94, -1.04, none, none, 3.5971, 1.89572, -5.19145
"Sat Sep 16 10:33:39 2023
", 4.10, -0.99, none, none, 3.58951, 1.90628, -5.25641
"Sat Sep 16 10:33:39 2023
", 4.37, -0.96, none, none, 3.58145, 1.92863, -5.31909
"Sat Sep 16 10:33:39 2023
", 4.57, -0.90, none, none, 3.57305, 1.94483, -5.3807
"Sat Sep 16 10:33:39 2023
", 4.73, -0.86, none, none, 3.5643, 1.96142, -5.44063
"Sat Sep 16 10:33:39 2023
", 4.75, -0.88, none, none, 3.55523, 1.97631, -5.49907
"Sat Sep 16 10:33:39 2023
", 4.78, -0.89, none, none, 3.54596, 1.98977, -5.55596
"Sat Sep 16 10:33:39 2023
", 4.92, -0.88, none, none, 3.53635, 2.00404, -5.61111
"Sat Sep 16 10:33:39 2023
", 5.08, -0.92, none, none, 3.52625, 2.02007, -5.66439
"Sat Sep 16 10:33:39 2023
", 5.16, -0.94, none, none, 3.51595, 2.03566, -5.71589
"Sat Sep 16 10:33:39 2023
", 5.08, -0.93, none, none, 3.50546, 2.04007, -5.76664
"Sat Sep 16 10:33:39 2023
", 4.96, -0.99, none, none, 3.49453, 2.05135, -5.815
"Sat Sep 16 10:33:39 2023
", 4.85, -1.02, none, none, 3.48337, 2.05919, -5.86194
"Sat Sep 16 10:33:39 2023
", 4.94, -1.06, none, none, 3.47191, 2.06406, -5.90746
"Sat Sep 16 10:33:39 2023
", 4.92, -1.05, none, none, 3.45997, 2.07099, -5.95109
"Sat Sep 16 10:33:39 2023
", 4.95, -1.04, none, none, 3.44775, 2.07653, -5.99313
"Sat Sep 16 10:33:39 2023
", 4.96, -1.04, none, none, 3.43514, 2.08203, -6.03345
"Sat Sep 16 10:33:39 2023
", 4.98, -1.04, none, none, 3.4222, 2.08716, -6.07209
"Sat Sep 16 10:33:39 2023
", 4.98, -1.02, none, none, 3.40889, 2.09218, -6.109
"Sat Sep 16 10:33:39 2023
", 4.88, -1.02, none, none, 3.39525, 2.09641, -6.14426
"Sat Sep 16 10:33:39 2023
", 4.78, -1.05, none, none, 3.38139, 2.09362, -6.17843
"Sat Sep 16 10:33:39 2023
", 4.78, -1.07, none, none, 3.3672, 2.08681, -6.21127
"Sat Sep 16 10:33:39 2023
", 4.62, -1.13, none, none, 3.35271, 2.08934, -6.24199
"Sat Sep 16 10:33:39 2023
", 4.25, -1.12, none, none, 3.33768, 2.07809, -6.27232
"Sat Sep 16 10:33:39 2023
", 3.65, -1.21, none, none, 3.32265, 2.03907, -6.30265
"Sat Sep 16 10:33:39 2023
", 2.88, -1.31, none, none, 3.30762, 1.97226, -6.33298
"Sat Sep 16 10:33:39 2023
", 2.44, -1.46, none, none, 3.29259, 1.87768, -6.3633
"Sat Sep 16 10:33:39 2023
", 2.27, -1.51, none, none, 3.2771, 1.77254, -6.39295
"Sat Sep 16 10:33:39 2023
", 2.09, -1.54, none, none, 3.25891, 1.78314, -6.41834
"Sat Sep 16 10:33:39 2023
", 2.03, -1.62, none, none, 3.24053, 1.78356, -6.44346
"Sat Sep 16 10:33:39 2023
", 2.13, -1.56, none, none, 3.22118, 1.79151, -6.46829
"Sat Sep 16 10:33:39 2023
", 2.24, -1.56, none, none, 3.20063, 1.8082, -6.49222
"Sat Sep 16 10:33:39 2023
", 2.31, -1.55, none, none, 3.17944, 1.81149, -6.51648
"Sat Sep 16 10:33:40 2023
", 2.42, -1.53, none, none, 3.1567, 1.8283, -6.54072
"Sat Sep 16 10:33:40 2023
", 2.44, -1.55, none, none, 3.13176, 1.83095, -6.5657
"Sat Sep 16 10:33:40 2023
", 2.52, -1.51, none, none, 3.10623, 1.83841, -6.59017
"Sat Sep 16 10:33:40 2023
", 2.62, -1.48, none, none, 3.08018, 1.84588, -6.61377
"Sat Sep 16 10:33:40 2023
", 2.72, -1.42, none, none, 3.0536, 1.85393, -6.63642
"Sat Sep 16 10:33:40 2023
", 3.06, -1.31, none, none, 3.0262, 1.87523, -6.65744
"Sat Sep 16 10:33:40 2023
", 3.66, -1.11, none, none, 2.99819, 1.89823, -6.67714
"Sat Sep 16 10:33:40 2023
", 4.18, -0.99, none, none, 2.96986, 1.92804, -6.69501
"Sat Sep 16 10:33:40 2023
", 4.51, -0.99, none, none, 2.94119, 1.96001, -6.71111
"Sat Sep 16 10:33:40 2023
", 5.03, -0.86, none, none, 2.91217, 1.9968, -6.72479
"Sat Sep 16 10:33:40 2023
", 5.46, -0.88, none, none, 2.88266, 2.03634, -6.73645
"Sat Sep 16 10:33:40 2023
", 5.74, -0.86, none, none, 2.8529, 2.07522, -6.74621
"Sat Sep 16 10:33:40 2023
", 5.99, -0.85, none, none, 2.82266, 2.11225, -6.75391
"Sat Sep 16 10:33:40 2023
", 6.09, -0.87, none, none, 2.79201, 2.14274, -6.76018
"Sat Sep 16 10:33:40 2023
", 6.15, -0.88, none, none, 2.76107, 2.17028, -6.76469
"Sat Sep 16 10:33:40 2023
", 6.19, -0.86, none, none, 2.72958, 2.19292, -6.7676
"Sat Sep 16 10:33:40 2023
", 6.37, -0.86, none, none, 2.69779, 2.21518, -6.76833
"Sat Sep 16 10:33:40 2023
", 6.46, -0.89, none, none, 2.66545, 2.23517, -6.76709
"Sat Sep 16 10:33:40 2023
", 6.48, -0.90, none, none, 2.63289, 2.24975, -6.76419
"Sat Sep 16 10:33:40 2023
", 6.43, -0.88, none, none, 2.59999, 2.26128, -6.7594
"Sat Sep 16 10:33:40 2023
", 6.52, -0.86, none, none, 2.56655, 2.27207, -6.75246
"Sat Sep 16 10:33:40 2023
", 6.61, -0.83, none, none, 2.53284, 2.28212, -6.74329
"Sat Sep 16 10:33:40 2023
", 6.64, -0.84, none, none, 2.49873, 2.29042, -6.73201
"Sat Sep 16 10:33:40 2023
", 6.54, -0.87, none, none, 2.46441, 2.28847, -6.7196
"Sat Sep 16 10:33:40 2023
", 6.46, -0.87, none, none, 2.42968, 2.2921, -6.70429
"Sat Sep 16 10:33:40 2023
", 6.38, -0.90, none, none, 2.39472, 2.2924, -6.6871
"Sat Sep 16 10:33:40 2023
", 6.37, -0.93, none, none, 2.35948, 2.29024, -6.66798
"Sat Sep 16 10:33:40 2023
", 6.38, -0.91, none, none, 2.32392, 2.28773, -6.64668
"Sat Sep 16 10:33:40 2023
", 6.41, -0.87, none, none, 2.28808, 2.28496, -6.62318
"Sat Sep 16 10:33:40 2023
", 6.48, -0.86, none, none, 2.2519, 2.28225, -6.59746
"Sat Sep 16 10:33:40 2023
", 6.62, -0.75, none, none, 2.21543, 2.2807, -6.56934
"Sat Sep 16 10:33:40 2023
", 6.78, -0.56, none, none, 2.17869, 2.28088, -6.53873
"Sat Sep 16 10:33:40 2023
", 6.79, -0.35, none, none, 2.14169, 2.2823, -6.50561
"Sat Sep 16 10:33:40 2023
", 6.47, 0.04, none, none, 2.10459, 2.2811, -6.47044
"Sat Sep 16 10:33:40 2023
", 6.19, 0.49, none, none, 2.06749, 2.25213, -6.43527
"Sat Sep 16 10:33:40 2023
", 5.85, 0.90, none, none, 2.03039, 2.19538, -6.4001
"Sat Sep 16 10:33:40 2023
", 5.66, 1.19, none, none, 1.9933, 2.11085, -6.36493
"Sat Sep 16 10:33:41 2023
", 5.55, 1.49, none, none, 1.95754, 2.09353, -6.32353
"Sat Sep 16 10:33:41 2023
", 5.33, 2.01, none, none, 1.92178, 2.04843, -6.28212
"Sat Sep 16 10:33:41 2023
", 5.21, 2.46, none, none, 1.88603, 1.97555, -6.24071
"Sat Sep 16 10:33:41 2023
", 5.01, 2.73, none, none, 1.85353, 1.97648, -6.1922
"Sat Sep 16 10:33:41 2023
", 4.77, 3.07, none, none, 1.82109, 1.95887, -6.14358
"Sat Sep 16 10:33:41 2023
", 4.47, 3.33, none, none, 1.78866, 1.91348, -6.09496
"Sat Sep 16 10:33:41 2023
", 4.26, 3.46, none, none, 1.75622, 1.84031, -6.04634
"Sat Sep 16 10:33:41 2023
", 4.10, 3.66, none, none, 1.72838, 1.84005, -5.99194
"Sat Sep 16 10:33:41 2023
", 3.70, 3.91, none, none, 1.70076, 1.82344, -5.93731
"Sat Sep 16 10:33:41 2023
", 3.44, 4.15, none, none, 1.67314, 1.77906, -5.88267
"Sat Sep 16 10:33:41 2023
", 3.34, 4.32, none, none, 1.64552, 1.7069, -5.82803
"Sat Sep 16 10:33:41 2023
", 3.26, 4.47, none, none, 1.6237, 1.70821, -5.76883
"Sat Sep 16 10:33:41 2023
", 3.20, 4.59, none, none, 1.6032, 1.70644, -5.70869
"Sat Sep 16 10:33:41 2023
", 3.11, 4.62, none, none, 1.58362, 1.69562, -5.64803
"Sat Sep 16 10:33:41 2023
", 2.96, 4.76, none, none, 1.56553, 1.68393, -5.5863
"Sat Sep 16 10:33:41 2023
", 2.77, 4.91, none, none, 1.54744, 1.64447, -5.52456
"Sat Sep 16 10:33:41 2023
", 2.57, 5.03, none, none, 1.53331, 1.63961, -5.46052
"Sat Sep 16 10:33:41 2023
", 2.30, 5.15, none, none, 1.51917, 1.60697, -5.39647
"Sat Sep 16 10:33:41 2023
", 1.80, 5.29, none, none, 1.50504, 1.54654, -5.33243
"Sat Sep 16 10:33:41 2023
", 1.00, 5.50, none, none, 1.49569, 1.53412, -5.26674
"Sat Sep 16 10:33:41 2023
", -0.14, 5.59, none, none, 1.48634, 1.49391, -5.20105
"Sat Sep 16 10:33:41 2023
", -1.63, 5.51, none, none, 1.47699, 1.42593, -5.13536
"Sat Sep 16 10:33:41 2023
", -2.54, 5.39, none, none, 1.46764, 1.33017, -5.06968
"Sat Sep 16 10:33:41 2023
", -2.70, 5.09, none, none, 1.45829, 1.20663, -5.00399
"Sat Sep 16 10:33:41 2023
", -3.09, 4.59, none, none, 1.45004, 1.06891, -4.93903
"Sat Sep 16 10:33:41 2023
", -3.57, 4.17, none, none, 1.45146, 1.07197, -4.88026
"Sat Sep 16 10:33:41 2023
", -4.12, 3.82, none, none, 1.4547, 1.08019, -4.82304
"Sat Sep 16 10:33:41 2023
", -4.31, 3.27, none, none, 1.45794, 1.06063, -4.76582
"Sat Sep 16 10:33:41 2023
", -4.41, 2.71, none, none, 1.46321, 1.06511, -4.71131
"Sat Sep 16 10:33:41 2023
", -4.44, 1.77, none, none, 1.46947, 1.07054, -4.6584
"Sat Sep 16 10:33:41 2023
", -4.33, 0.97, none, none, 1.47674, 1.08987, -4.60807
"Sat Sep 16 10:33:41 2023
", -4.14, 0.07, none, none, 1.48395, 1.10918, -4.55921
"Sat Sep 16 10:33:41 2023
", -3.83, -0.71, none, none, 1.49113, 1.13406, -4.51214
"Sat Sep 16 10:33:41 2023
", -3.72, -1.09, none, none, 1.49767, 1.15809, -4.46623
"Sat Sep 16 10:33:41 2023
", -3.61, -1.34, none, none, 1.50384, 1.18083, -4.42151
"Sat Sep 16 10:33:41 2023
", -3.51, -1.56, none, none, 1.50946, 1.20218, -4.37791
"Sat Sep 16 10:33:41 2023
", -3.34, -1.76, none, none, 1.51447, 1.22331, -4.33546
"Sat Sep 16 10:33:41 2023
", -3.16, -1.74, none, none, 1.51891, 1.24312, -4.29405
"Sat Sep 16 10:33:42 2023
", -3.09, -1.61, none, none, 1.52287, 1.25959, -4.2535
"Sat Sep 16 10:33:42 2023
", -3.08, -1.55, none, none, 1.5264, 1.27293, -4.21387
"Sat Sep 16 10:33:42 2023
", -3.02, -1.52, none, none, 1.52943, 1.28467, -4.17521
"Sat Sep 16 10:33:42 2023
", -3.00, -1.45, none, none, 1.53221, 1.28675, -4.13709
"Sat Sep 16 10:33:42 2023
", -3.00, -1.34, none, none, 1.53426, 1.2963, -4.10021
"Sat Sep 16 10:33:42 2023
", -3.01, -1.31, none, none, 1.53594, 1.30367, -4.06426
"Sat Sep 16 10:33:42 2023
", -2.82, -1.25, none, none, 1.5372, 1.30959, -4.02929
"Sat Sep 16 10:33:42 2023
", -2.79, -1.21, none, none, 1.53792, 1.31682, -3.99532
"Sat Sep 16 10:33:42 2023
", -2.77, -1.17, none, none, 1.53834, 1.32138, -3.9622
"Sat Sep 16 10:33:42 2023
", -2.67, -1.12, none, none, 1.53842, 1.32703, -3.92992
"Sat Sep 16 10:33:42 2023
", -2.70, -1.06, none, none, 1.53801, 1.33284, -3.89829
"Sat Sep 16 10:33:42 2023
", -2.67, -1.02, none, none, 1.53732, 1.33703, -3.86754
"Sat Sep 16 10:33:42 2023
", -2.61, -0.98, none, none, 1.5363, 1.34079, -3.83742
"Sat Sep 16 10:33:42 2023
", -2.56, -0.95, none, none, 1.5349, 1.34457, -3.80819
"Sat Sep 16 10:33:42 2023
", -2.64, -0.89, none, none, 1.53324, 1.34646, -3.77959
"Sat Sep 16 10:33:42 2023
", -2.64, -0.87, none, none, 1.53121, 1.34869, -3.75167
"Sat Sep 16 10:33:42 2023
", -2.47, -0.92, none, none, 1.52892, 1.3489, -3.7245
"Sat Sep 16 10:33:42 2023
", -2.45, -0.89, none, none, 1.52624, 1.35332, -3.69784
"Sat Sep 16 10:33:42 2023
", -2.38, -0.84, none, none, 1.52321, 1.35638, -3.67194
"Sat Sep 16 10:33:42 2023
", -2.36, -0.79, none, none, 1.51994, 1.36035, -3.64645
"Sat Sep 16 10:33:42 2023
", -2.41, -0.78, none, none, 1.51623, 1.36367, -3.6217
"Sat Sep 16 10:33:42 2023
", -2.61, -0.72, none, none, 1.51238, 1.36585, -3.59736
"Sat Sep 16 10:33:42 2023
", -2.83, -0.67, none, none, 1.50821, 1.35776, -3.5734
"Sat Sep 16 10:33:42 2023
", -3.43, -0.55, none, none, 1.50395, 1.34406, -3.55003
"Sat Sep 16 10:33:42 2023
", -4.25, -0.50, none, none, 1.49969, 1.30257, -3.52666
"Sat Sep 16 10:33:42 2023
", -5.11, -0.45, none, none, 1.49542, 1.23332, -3.50329
"Sat Sep 16 10:33:42 2023
", -5.56, -0.35, none, none, 1.49111, 1.14445, -3.48071
"Sat Sep 16 10:33:42 2023
", -5.44, -0.39, none, none, 1.48619, 1.15396, -3.46708
"Sat Sep 16 10:33:42 2023
", -5.25, -0.32, none, none, 1.48113, 1.16347, -3.45531
"Sat Sep 16 10:33:42 2023
", -4.93, -0.28, none, none, 1.47596, 1.17461, -3.44546
"Sat Sep 16 10:33:42 2023
", -4.68, -0.26, none, none, 1.47069, 1.1863, -3.43732
"Sat Sep 16 10:33:42 2023
", -4.50, -0.22, none, none, 1.46533, 1.19751, -3.43072
"Sat Sep 16 10:33:42 2023
", -4.26, -0.03, none, none, 1.45994, 1.20827, -3.42561
"Sat Sep 16 10:33:42 2023
", -3.95, 0.07, none, none, 1.45454, 1.21993, -3.42198
"Sat Sep 16 10:33:42 2023
", -3.45, 0.25, none, none, 1.44922, 1.23413, -3.41977
"Sat Sep 16 10:33:42 2023
", -2.84, 0.50, none, none, 1.44399, 1.2513, -3.41894
"Sat Sep 16 10:33:42 2023
", -2.34, 0.69, none, none, 1.43896, 1.26994, -3.41892
"Sat Sep 16 10:33:43 2023
", -1.92, 0.80, none, none, 1.43404, 1.28925, -3.41962
"Sat Sep 16 10:33:43 2023
", -1.72, 1.05, none, none, 1.42942, 1.30582, -3.42084
"Sat Sep 16 10:33:43 2023
", -1.26, 1.83, none, none, 1.42514, 1.32073, -3.4226
"Sat Sep 16 10:33:43 2023
", -0.02, 2.79, none, none, 1.42189, 1.34288, -3.42451
"Sat Sep 16 10:33:43 2023
", 1.43, 2.84, none, none, 1.42021, 1.37782, -3.42558
"Sat Sep 16 10:33:43 2023
", 2.54, 2.76, none, none, 1.41978, 1.41957, -3.42519
"Sat Sep 16 10:33:43 2023
", 3.41, 1.88, none, none, 1.41986, 1.4677, -3.42289
"Sat Sep 16 10:33:43 2023
", 4.17, 0.91, none, none, 1.41984, 1.52008, -3.41848
"Sat Sep 16 10:33:43 2023
", 4.58, 2.89, none, none, 1.42118, 1.55732, -3.41346
"Sat Sep 16 10:33:43 2023
", 5.26, 4.35, none, none, 1.42402, 1.58836, -3.40695
"Sat Sep 16 10:33:43 2023
", 5.06, 5.38, none, none, 1.42764, 1.60565, -3.39994
"Sat Sep 16 10:33:43 2023
", 4.20, 6.34, none, none, 1.43141, 1.60466, -3.39277
"Sat Sep 16 10:33:43 2023
", 3.71, 5.53, none, none, 1.43718, 1.60171, -3.38428
"Sat Sep 16 10:33:43 2023
", 3.32, 3.64, none, none, 1.44408, 1.58892, -3.37502
"Sat Sep 16 10:33:43 2023
", 3.59, 1.66, none, none, 1.45381, 1.60781, -3.36267
"Sat Sep 16 10:33:43 2023
", 3.92, 0.22, none, none, 1.46359, 1.63078, -3.34871
"Sat Sep 16 10:33:43 2023
", 4.97, -0.69, none, none, 1.47292, 1.66629, -3.33187
"Sat Sep 16 10:33:43 2023
", 5.55, -0.56, none, none, 1.48208, 1.70051, -3.31306
"Sat Sep 16 10:33:43 2023
", 5.46, -0.68, none, none, 1.49111, 1.72683, -3.2931
"Sat Sep 16 10:33:43 2023
", 5.27, -0.62, none, none, 1.49997, 1.74481, -3.27163
"Sat Sep 16 10:33:43 2023
", 4.95, -0.57, none, none, 1.50886, 1.75468, -3.2488
"Sat Sep 16 10:33:43 2023
", 4.13, -0.65, none, none, 1.51792, 1.7527, -3.22493
"Sat Sep 16 10:33:43 2023
", 3.38, -0.85, none, none, 1.52704, 1.75124, -3.19936
"Sat Sep 16 10:33:43 2023
", 3.05, -0.89, none, none, 1.53615, 1.72201, -3.1738
"Sat Sep 16 10:33:43 2023
", 2.15, -0.81, none, none, 1.54527, 1.665, -3.14823
"Sat Sep 16 10:33:43 2023
", 1.55, -0.73, none, none, 1.55439, 1.58021, -3.12267
"Sat Sep 16 10:33:43 2023
", 1.61, -0.78, none, none, 1.56245, 1.58451, -3.0948
"Sat Sep 16 10:33:43 2023
", 1.61, -0.89, none, none, 1.57025, 1.58871, -3.06608
"Sat Sep 16 10:33:43 2023
", 1.79, -0.88, none, none, 1.57792, 1.59253, -3.03651
"Sat Sep 16 10:33:43 2023
", 1.95, -0.86, none, none, 1.58529, 1.59719, -3.006
"Sat Sep 16 10:33:43 2023
", 2.07, -0.86, none, none, 1.59336, 1.60222, -2.97393
"Sat Sep 16 10:33:43 2023
", 2.46, -0.88, none, none, 1.60013, 1.61466, -2.94156
"Sat Sep 16 10:33:43 2023
", 3.19, -0.88, none, none, 1.60641, 1.62847, -2.90707
"Sat Sep 16 10:33:43 2023
", 4.15, -0.95, none, none, 1.61262, 1.64905, -2.87059
"Sat Sep 16 10:33:43 2023
", 5.99, -0.96, none, none, 1.61826, 1.68343, -2.83047
"Sat Sep 16 10:33:43 2023
", 9.52, -0.99, none, none, 1.62302, 1.74532, -2.78124
"Sat Sep 16 10:33:43 2023
", 13.88, -1.20, none, none, 1.62649, 1.83635, -2.71602
"Sat Sep 16 10:33:44 2023
", 16.83, -1.29, none, none, 1.62911, 1.9331, -2.63847
"Sat Sep 16 10:33:44 2023
", 17.83, -1.48, none, none, 1.63122, 2.01547, -2.55757
"Sat Sep 16 10:33:44 2023
", 18.30, -1.43, none, none, 1.63318, 2.07964, -2.47588
"Sat Sep 16 10:33:44 2023
", 18.87, -1.34, none, none, 1.63505, 2.12974, -2.39103
"Sat Sep 16 10:33:44 2023
", 19.37, -1.35, none, none, 1.63675, 2.16786, -2.3032
"Sat Sep 16 10:33:44 2023
", 19.20, -1.41, none, none, 1.63825, 2.18975, -2.21391
"Sat Sep 16 10:33:44 2023
", 18.92, -1.35, none, none, 1.63971, 2.19744, -2.12287
"Sat Sep 16 10:33:44 2023
", 18.86, -1.33, none, none, 1.64065, 2.19762, -2.03369
"Sat Sep 16 10:33:44 2023
", 18.83, -1.32, none, none, 1.64155, 2.18905, -1.93759
"Sat Sep 16 10:33:44 2023
", 18.74, -1.34, none, none, 1.64204, 2.1735, -1.83715
"Sat Sep 16 10:33:44 2023
", 18.46, -1.40, none, none, 1.64216, 2.1509, -1.73247
"Sat Sep 16 10:33:44 2023
", 18.57, -1.36, none, none, 1.64201, 2.12506, -1.62221
"Sat Sep 16 10:33:44 2023
", 18.73, -1.35, none, none, 1.64131, 2.09607, -1.50634
"Sat Sep 16 10:33:44 2023
", 18.78, -1.40, none, none, 1.6402, 2.06353, -1.38498
"Sat Sep 16 10:33:44 2023
", 18.81, -1.36, none, none, 1.63895, 2.02108, -1.26022
"Sat Sep 16 10:33:44 2023
", 18.92, -1.32, none, none, 1.63711, 1.98264, -1.12734
"Sat Sep 16 10:33:44 2023
", 19.13, -1.31, none, none, 1.63485, 1.94103, -0.988739
"Sat Sep 16 10:33:44 2023
", 19.32, -1.30, none, none, 1.63218, 1.89674, -0.844178
"Sat Sep 16 10:33:44 2023
", 19.40, -1.30, none, none, 1.62909, 1.84957, -0.693663
"Sat Sep 16 10:33:44 2023
", 19.43, -1.29, none, none, 1.6256, 1.79933, -0.537244
"Sat Sep 16 10:33:44 2023
", 19.44, -1.28, none, none, 1.62171, 1.74597, -0.374921
"Sat Sep 16 10:33:44 2023
", 19.42, -1.27, none, none, 1.61742, 1.68965, -0.206643
"Sat Sep 16 10:33:44 2023
", 19.38, -1.26, none, none, 1.61274, 1.63052, -0.0323608
"Sat Sep 16 10:33:44 2023
", 19.36, -1.24, none, none, 1.60765, 1.56875, 0.147975
"Sat Sep 16 10:33:44 2023
", 19.29, -1.21, none, none, 1.60216, 1.50441, 0.334378
"Sat Sep 16 10:33:44 2023
", 19.19, -1.21, none, none, 1.59629, 1.4377, 0.526894
"Sat Sep 16 10:33:44 2023
", 19.18, -1.19, none, none, 1.59001, 1.36903, 0.725637
"Sat Sep 16 10:33:44 2023
", 19.18, -1.17, none, none, 1.58335, 1.29804, 0.930472
"Sat Sep 16 10:33:44 2023
", 19.19, -1.16, none, none, 1.57632, 1.22472, 1.1414
"Sat Sep 16 10:33:44 2023
", 19.23, -1.16, none, none, 1.56891, 1.14911, 1.35843
"Sat Sep 16 10:33:44 2023
", 19.12, -1.42, none, none, 1.56112, 1.0708, 1.58145
"Sat Sep 16 10:33:44 2023
", 18.60, -1.46, none, none, 1.55282, 0.992836, 1.81146
"Sat Sep 16 10:33:44 2023
", 18.22, -1.43, none, none, 1.54392, 0.917179, 2.04892
"Sat Sep 16 10:33:44 2023
", 18.50, -1.38, none, none, 1.5345, 0.842262, 2.29315
"Sat Sep 16 10:33:44 2023
", 18.79, -1.36, none, none, 1.52473, 0.761099, 2.54194
"Sat Sep 16 10:33:44 2023
", 18.76, -1.35, none, none, 1.51465, 0.671998, 2.79478
"Sat Sep 16 10:33:44 2023
", 18.76, -1.28, none, none, 1.50406, 0.583688, 3.05463
"Sat Sep 16 10:33:44 2023
", 18.81, -1.35, none, none, 1.49308, 0.492117, 3.32011
"Sat Sep 16 10:33:45 2023
", 18.92, -1.26, none, none, 1.48165, 0.398553, 3.59167
"Sat Sep 16 10:33:45 2023
", 19.04, -1.25, none, none, 1.47, 0.2949, 3.86658
"Sat Sep 16 10:33:45 2023
", 19.09, -1.25, none, none, 1.45792, 0.189437, 4.1477
"Sat Sep 16 10:33:45 2023
", 19.09, -1.25, none, none, 1.44535, 0.0857077, 4.43629
"Sat Sep 16 10:33:45 2023
", 19.11, -1.24, none, none, 1.43229, -0.0169731, 4.73211
"Sat Sep 16 10:33:45 2023
", 19.14, -1.22, none, none, 1.41887, -0.123606, 5.03343
"Sat Sep 16 10:33:45 2023
", 19.17, -1.20, none, none, 1.40508, -0.233667, 5.34045
"Sat Sep 16 10:33:45 2023
", 19.17, -1.19, none, none, 1.3909, -0.346187, 5.65351
"Sat Sep 16 10:33:45 2023
", 19.17, -1.17, none, none, 1.37627, -0.458083, 5.97369
"Sat Sep 16 10:33:45 2023
", 19.17, -1.15, none, none, 1.36127, -0.572348, 6.29994
"Sat Sep 16 10:33:45 2023
", 19.16, -1.14, none, none, 1.34589, -0.688751, 6.63235
"Sat Sep 16 10:33:45 2023
", 19.15, -1.14, none, none, 1.33012, -0.80661, 6.97114
"Sat Sep 16 10:33:45 2023
", 19.14, -1.12, none, none, 1.31397, -0.92636, 7.31617
"Sat Sep 16 10:33:45 2023
", 19.14, -1.10, none, none, 1.29745, -1.04811, 7.66739
"Sat Sep 16 10:33:45 2023
", 19.13, -1.09, none, none, 1.28058, -1.17216, 8.0247
"Sat Sep 16 10:33:45 2023
", 19.13, -1.08, none, none, 1.26335, -1.29812, 8.38823
"Sat Sep 16 10:33:45 2023
", 19.12, -1.08, none, none, 1.24576, -1.42635, 8.75785
"Sat Sep 16 10:33:45 2023
", 19.11, -1.06, none, none, 1.22782, -1.55642, 9.13372
"Sat Sep 16 10:33:45 2023
", 19.10, -1.05, none, none, 1.20953, -1.68843, 9.51578
"Sat Sep 16 10:33:45 2023
", 19.09, -1.03, none, none, 1.19088, -1.82236, 9.90406
"Sat Sep 16 10:33:45 2023
", 19.08, -1.03, none, none, 1.1719, -1.95826, 10.2985
"Sat Sep 16 10:33:45 2023
", 19.08, -1.02, none, none, 1.15292, -2.12193, 10.693
"Sat Sep 16 10:33:45 2023
", 19.07, -1.01, none, none, 1.13394, -2.31338, 11.0874
"Sat Sep 16 10:33:45 2023
", 19.06, -1.00, none, none, 1.11496, -2.53261, 11.4819
"Sat Sep 16 10:33:45 2023
", 19.05, -1.00, none, none, 1.09598, -2.77962, 11.8764
"Sat Sep 16 10:33:45 2023
", 19.05, -0.99, none, none, 1.077, -3.0544, 12.2708
"Sat Sep 16 10:33:45 2023
", 19.07, -0.99, none, none, 1.05802, -3.35696, 12.6653
"Sat Sep 16 10:33:45 2023
", 19.09, -0.98, none, none, 1.03904, -3.6873, 13.0597
"Sat Sep 16 10:33:45 2023
", 19.08, -0.98, none, none, 1.02006, -4.04542, 13.4542
"Sat Sep 16 10:33:45 2023
", 19.08, -0.97, none, none, 1.00108, -4.43132, 13.8487
"Sat Sep 16 10:33:45 2023
", 19.07, -0.97, none, none, 0.982094, -4.84499, 14.2431
"Sat Sep 16 10:33:45 2023
", 19.03, -1.00, none, none, 0.963113, -5.28644, 14.6376
"Sat Sep 16 10:33:45 2023
", 18.87, -1.18, none, none, 0.944132, -5.75567, 15.032
"Sat Sep 16 10:33:45 2023
", 18.81, -1.16, none, none, 0.925151, -6.25268, 15.4265
"Sat Sep 16 10:33:45 2023
", 18.83, -1.14, none, none, 0.90617, -6.77746, 15.821
"Sat Sep 16 10:33:45 2023
", 18.87, -1.10, none, none, 0.887189, -7.33002, 16.2154
"Sat Sep 16 10:33:45 2023
", 18.92, -1.07, none, none, 0.868208, -7.91036, 16.6099
"Sat Sep 16 10:33:46 2023
", 18.91, -1.07, none, none, 0.849227, -8.51848, 17.0043
"Sat Sep 16 10:33:46 2023
", 18.90, -1.07, none, none, 0.830246, -9.15438, 17.3988
"Sat Sep 16 10:33:46 2023
", 18.88, -1.06, none, none, 0.811265, -9.81805, 17.7932
"Sat Sep 16 10:33:46 2023
", 18.88, -1.05, none, none, 0.792284, -10.5095, 18.1877
"Sat Sep 16 10:33:46 2023
", 18.87, -1.05, none, none, 0.773303, -11.2287, 18.5822
"Sat Sep 16 10:33:46 2023
", 18.86, -1.04, none, none, 0.754322, -11.9757, 18.9766
"Sat Sep 16 10:33:46 2023
", 18.86, -1.03, none, none, 0.735341, -12.7505, 19.3711
"Sat Sep 16 10:33:46 2023
", 18.85, -1.01, none, none, 0.71636, -13.5531, 19.7655
"Sat Sep 16 10:33:46 2023
", 19.10, -0.98, none, none, 0.697379, -14.3834, 20.16
"Sat Sep 16 10:33:46 2023
", 19.20, -0.93, none, none, 0.678398, -15.2415, 20.5545
"Sat Sep 16 10:33:46 2023
", 19.00, -0.87, none, none, 0.659417, -16.1274, 20.9489
"Sat Sep 16 10:33:46 2023
", 19.33, -0.97, none, none, 0.640436, -17.0411, 21.3434
"Sat Sep 16 10:33:46 2023
", 19.25, -1.08, none, none, 0.621455, -17.9826, 21.7378
"Sat Sep 16 10:33:46 2023
", 19.20, -1.09, none, none, 0.602474, -18.9518, 22.1323
"Sat Sep 16 10:33:46 2023
", 19.17, -1.16, none, none, 0.583493, -19.9488, 22.5268
"Sat Sep 16 10:33:46 2023
", 18.61, -1.15, none, none, 0.564512, -20.9736, 22.9212
"Sat Sep 16 10:33:46 2023
", 18.54, -1.10, none, none, 0.545532, -22.0261, 23.3157
"Sat Sep 16 10:33:46 2023
", 18.44, -1.10, none, none, 0.526551, -23.1065, 23.7101
"Sat Sep 16 10:33:46 2023
", 18.18, -1.12, none, none, 0.50757, -24.2146, 24.1046
"Sat Sep 16 10:33:46 2023
", 18.01, -1.11, none, none, 0.488589, -25.3505, 24.499
"Sat Sep 16 10:33:46 2023
", 17.89, -1.10, none, none, 0.469608, -26.5142, 24.8935
"Sat Sep 16 10:33:46 2023
", 17.85, -1.11, none, none, 0.450627, -27.7056, 25.288
"Sat Sep 16 10:33:46 2023
", 17.80, -1.11, none, none, 0.431646, -28.9249, 25.6824
"Sat Sep 16 10:33:46 2023
", 17.72, -1.06, none, none, 0.412665, -30.1719, 26.0769
"Sat Sep 16 10:33:46 2023
", 17.70, -1.02, none, none, 0.393683, -31.4466, 26.4713
"Sat Sep 16 10:33:46 2023
", 17.70, -1.02, none, none, 0.374702, -32.7492, 26.8658
"Sat Sep 16 10:33:46 2023
", 17.68, -1.02, none, none, 0.355721, -34.0796, 27.2603
"Sat Sep 16 10:33:46 2023
", 17.66, -1.01, none, none, 0.33674, -35.4377, 27.6547
"Sat Sep 16 10:33:46 2023
", 17.64, -1.00, none, none, 0.317759, -36.8236, 28.0492
"Sat Sep 16 10:33:46 2023
", 17.64, -0.99, none, none, 0.298778, -38.2372, 28.4436
"Sat Sep 16 10:33:46 2023
", 17.63, -0.99, none, none, 0.279797, -39.6787, 28.8381
"Sat Sep 16 10:33:46 2023
", 17.63, -0.97, none, none, 0.260816, -41.1479, 29.2325
"Sat Sep 16 10:33:46 2023
", 17.61, -0.96, none, none, 0.241835, -42.6449, 29.627
"Sat Sep 16 10:33:46 2023
", 17.89, -0.88, none, none, 0.222854, -44.1697, 30.0215
"Sat Sep 16 10:33:46 2023
", 18.47, -0.86, none, none, 0.203873, -45.7223, 30.4159
